ID,IDC,MT_TOT,PMG,RECENCE
0,77,141.0,4. P,5
1,79,3098.7,3. M,1
2,83,7.6,4. P,13
3,89,625.0,4. P,1
4,90,255.5,4. P,5
5,93,3601.5,3. M,4
6,95,1510.5,4. P,0
7,96,114.5,4. P,0
8,102,23709.5,2. G,7
9,103,5901.5,3. M,0
10,104,2219.5,3. M,0
11,105,3291.5,3. M,0
12,106,4.0,4. P,11
13,133,3367.5,3. M,0
14,147,4445.0,3. M,9
15,151,9301.5,3. M,1
16,152,2122.0,3. M,0
17,153,4.0,4. P,19
18,160,8.0,4. P,1
19,168,14535.0,2. G,1
20,169,686.0,4. P,1
21,172,6710.5,3. M,0
22,175,8851.0,3. M,9
23,181,21210.5,2. G,0
24,188,4095.0,3. M,0
25,194,2107.0,3. M,0
26,202,28.5,4. P,14
27,211,208.5,4. P,0
28,221,3.0,4. P,21
29,227,46645.5,2. G,0
30,247,1077.0,4. P,5
31,249,441.5,4. P,0
32,250,846.0,4. P,9
33,269,24613.8,2. G,0
34,271,7715.0,3. M,0
35,273,821.0,4. P,16
36,275,932.2,4. P,0
37,279,1782.0,3. M,0
38,302,1538.5,4. P,7
39,304,641.0,4. P,3
40,306,26.0,4. P,16
41,310,89.2,4. P,20
42,320,446.25,4. P,1
43,335,99.6,4. P,2
44,341,20.0,4. P,1
45,350,128.5,4. P,18
46,354,2404.5,3. M,0
47,374,336.85,4. P,10
48,378,1198.0,4. P,13
49,379,340.15,4. P,7
50,385,570.5,4. P,0
51,398,4.5,4. P,21
52,400,56.5,4. P,1
53,406,206.5,4. P,19
54,414,56.5,4. P,17
55,425,128.0,4. P,8
56,430,2524.0,3. M,10
57,469,58.0,4. P,7
58,471,276.5,4. P,8
59,491,10031.5,3. M,2
60,507,213.0,4. P,0
61,508,233.0,4. P,3
62,522,35.5,4. P,13
63,529,764.5,4. P,0
64,533,2.5,4. P,13
65,534,330.0,4. P,16
66,566,1592.5,3. M,8
67,581,1015.5,4. P,0
68,583,399068.0,1. TG,7
69,592,29.5,4. P,15
70,638,129.0,4. P,1
71,642,122.5,4. P,1
72,675,16670.1,2. G,0
73,686,3025.0,3. M,0
74,687,117.0,4. P,10
75,708,166.0,4. P,0
76,709,3391.0,3. M,0
77,715,1848.5,3. M,0
78,716,17347.6,2. G,0
79,731,185.5,4. P,19
80,736,6644.4,3. M,4
81,742,22.0,4. P,1
82,753,9877.1,3. M,0
83,755,818.5,4. P,11
84,776,26873.5,2. G,4
85,781,16140.1,2. G,0
86,783,3497.0,3. M,1
87,785,558.5,4. P,0
88,787,542.0,4. P,0
89,792,12911.5,2. G,2
90,793,19431.55,2. G,5
91,795,219.0,4. P,3
92,799,13.0,4. P,16
93,802,1528.5,4. P,18
94,808,10.0,4. P,3
95,810,1172.0,4. P,1
96,813,2255.0,3. M,0
97,821,70976.0,1. TG,0
98,825,15.0,4. P,2
99,826,2035.0,3. M,0
100,828,2163.0,3. M,0
101,833,66702.5,1. TG,0
102,839,4.5,4. P,20
103,840,67803.5,1. TG,0
104,843,1.5,4. P,21
105,849,12.0,4. P,20
106,858,1089.5,4. P,1
107,862,1.0,4. P,8
108,868,45.0,4. P,3
109,872,7361.0,3. M,0
110,876,1.5,4. P,21
111,908,4741.0,3. M,0
112,911,3.0,4. P,6
113,912,502.5,4. P,0
114,913,5626.75,3. M,0
115,915,879.0,4. P,14
116,917,1009.0,4. P,0
117,923,9378.5,3. M,0
118,925,3511.0,3. M,0
119,926,3579.4,3. M,0
120,927,592.0,4. P,15
121,930,1.0,4. P,14
122,939,265.5,4. P,0
123,946,3559.45,3. M,0
124,951,2857.8,3. M,0
125,955,0.5,4. P,5
126,958,1489.7,4. P,2
127,961,8855.5,3. M,0
128,963,179.0,4. P,17
129,967,79.0,4. P,0
130,970,56.0,4. P,10
131,973,1.5,4. P,21
132,974,300.5,4. P,20
133,975,15.0,4. P,21
134,978,48.0,4. P,5
135,979,9128.5,3. M,0
136,981,5834.0,3. M,0
137,985,188.5,4. P,17
138,987,10459.0,3. M,0
139,988,510.0,4. P,0
140,991,32.0,4. P,19
141,995,72582.55,1. TG,2
142,996,3701.25,3. M,17
143,997,100.0,4. P,20
144,998,10513.15,3. M,9
145,999,67.5,4. P,1
146,1002,2970.5,3. M,13
147,1003,22.5,4. P,20
148,1004,582.0,4. P,0
149,1006,372.0,4. P,0
150,1007,705.0,4. P,12
151,1008,8419.0,3. M,0
152,1009,592.0,4. P,0
153,1010,235.0,4. P,7
154,1011,29327.25,2. G,0
155,1013,2495.0,3. M,8
156,1018,6933.7,3. M,0
157,1019,31.5,4. P,3
158,1020,22402.0,2. G,0
159,1021,14.0,4. P,19
160,1024,1909.0,3. M,17
161,1026,2201.0,3. M,0
162,1027,36934.5,2. G,0
163,1028,1000.0,4. P,20
164,1029,7415.75,3. M,5
165,1035,3308.0,3. M,10
166,1036,3641.0,3. M,0
167,1037,5455.7,3. M,0
168,1038,694.7,4. P,20
169,1042,3037.0,3. M,0
170,1043,50559.0,1. TG,0
171,1046,157.5,4. P,9
172,1049,4011.0,3. M,0
173,1052,15.0,4. P,9
174,1053,77.5,4. P,0
175,1054,117.5,4. P,15
176,1055,4515.05,3. M,0
177,1056,72.5,4. P,17
178,1059,841.0,4. P,0
179,1061,2125.5,3. M,4
180,1062,5136.0,3. M,2
181,1064,180401.5,1. TG,0
182,1065,288.5,4. P,6
183,1066,746.0,4. P,15
184,1067,18236.6,2. G,0
185,1068,206.6,4. P,11
186,1069,2415.0,3. M,14
187,1072,9402.5,3. M,0
188,1075,265.0,4. P,1
189,1076,2420.5,3. M,3
190,1077,21.0,4. P,19
191,1078,430.5,4. P,5
192,1080,19124.5,2. G,0
193,1081,318.0,4. P,10
194,1084,6814.5,3. M,0
195,1085,8200.35,3. M,10
196,1086,156.5,4. P,14
197,1087,4667.7,3. M,1
198,1088,36801.9,2. G,3
199,1090,345.5,4. P,1
200,1091,2344.5,3. M,0
201,1094,15.0,4. P,20
202,1096,110.5,4. P,8
203,1097,1251.5,4. P,1
204,1098,38524.6,2. G,0
205,1099,3571.5,3. M,1
206,1101,1057.4,4. P,7
207,1102,3667.0,3. M,6
208,1103,144.0,4. P,10
209,1104,26381.25,2. G,0
210,1105,9300.55,3. M,0
211,1106,5168.5,3. M,2
212,1107,509.0,4. P,0
213,1108,1099.0,4. P,18
214,1110,3321.5,3. M,0
215,1113,21635.0,2. G,0
216,1115,147529.0,1. TG,0
217,1116,3646.0,3. M,0
218,1118,105.0,4. P,13
219,1119,609.0,4. P,18
220,1120,22982.0,2. G,0
221,1124,20850.0,2. G,0
222,1125,13671.5,2. G,0
223,1126,15.0,4. P,19
224,1129,6516.5,3. M,0
225,1132,20.0,4. P,6
226,1133,2819.0,3. M,1
227,1137,496.5,4. P,0
228,1140,36.5,4. P,13
229,1142,2829.0,3. M,8
230,1143,311.5,4. P,16
231,1144,6889.0,3. M,0
232,1145,1221.5,4. P,0
233,1147,24163.0,2. G,15
234,1153,97756.7,1. TG,0
235,1154,8560.5,3. M,0
236,1156,10987.0,2. G,0
237,1157,251.0,4. P,0
238,1165,137.5,4. P,0
239,1166,37459.75,2. G,0
240,1167,91.0,4. P,15
241,1169,3087.5,3. M,0
242,1170,10.0,4. P,17
243,1171,4504.7,3. M,1
244,1172,1990.5,3. M,9
245,1174,7302.0,3. M,0
246,1175,511.5,4. P,1
247,1176,698.5,4. P,0
248,1177,4665.0,3. M,0
249,1178,1645.0,3. M,11
250,1179,2199.5,3. M,0
251,1180,162.5,4. P,0
252,1181,6341.5,3. M,0
253,1182,111.0,4. P,11
254,1183,2039.5,3. M,0
255,1185,277.0,4. P,0
256,1186,3186.5,3. M,1
257,1187,788.0,4. P,1
258,1188,13.0,4. P,13
259,1189,81.0,4. P,17
260,1190,250.0,4. P,1
261,1191,75.0,4. P,6
262,1193,492.0,4. P,6
263,1194,59453.0,1. TG,0
264,1202,1166.0,4. P,0
265,1203,19644.5,2. G,0
266,1204,4131.5,3. M,0
267,1206,5079.0,3. M,0
268,1207,12439.0,2. G,0
269,1208,39527.0,2. G,0
270,1209,335.25,4. P,16
271,1210,7118.75,3. M,13
272,1216,170.0,4. P,6
273,1217,1217.5,4. P,0
274,1226,328.5,4. P,5
275,1227,61.0,4. P,7
276,1230,634.0,4. P,0
277,1237,4930.5,3. M,0
278,1238,6011.0,3. M,7
279,1239,8785.5,3. M,0
280,1248,24740.0,2. G,0
281,1249,4428.0,3. M,0
282,1251,125.0,4. P,0
283,1256,100.0,4. P,16
284,1258,103.0,4. P,16
285,1259,224.0,4. P,0
286,1263,224.0,4. P,0
287,1266,6009.65,3. M,0
288,1267,4381.0,3. M,0
289,1268,2042.5,3. M,2
290,1271,1057.0,4. P,3
291,1272,10363.5,3. M,0
292,1274,412.0,4. P,0
293,1279,86.5,4. P,8
294,1281,16727.5,2. G,1
295,1282,439.5,4. P,12
296,1283,596.5,4. P,0
297,1287,399.0,4. P,15
298,1290,55.0,4. P,16
299,1299,250.5,4. P,0
300,1300,119.0,4. P,16
301,1302,387.0,4. P,0
302,1303,775.5,4. P,2
303,1304,167.0,4. P,8
304,1305,16.0,4. P,16
305,1308,24.0,4. P,16
306,1311,31.6,4. P,16
307,1312,2685.0,3. M,0
308,1314,3065.35,3. M,1
309,1315,22722.5,2. G,0
310,1316,6518.5,3. M,0
311,1317,2399.5,3. M,0
312,1318,645.5,4. P,15
313,1320,38.0,4. P,13
314,1321,1265.5,4. P,1
315,1323,162.5,4. P,0
316,1325,40.0,4. P,4
317,1326,187.5,4. P,12
318,1328,2816.0,3. M,3
319,1329,855.5,4. P,0
320,1331,8.5,4. P,15
321,1336,1191.0,4. P,0
322,1338,4060.0,3. M,0
323,1339,11518.5,2. G,0
324,1342,239.0,4. P,1
325,1347,724.0,4. P,13
326,1348,75698.5,1. TG,0
327,1349,1212.5,4. P,0
328,1350,3.0,4. P,2
329,1352,6446.5,3. M,3
330,1355,171.0,4. P,0
331,1356,609.5,4. P,0
332,1359,3835.0,3. M,9
333,1361,1735.5,3. M,0
334,1362,1794.0,3. M,15
335,1364,21560.5,2. G,5
336,1365,33.0,4. P,0
337,1366,9.5,4. P,14
338,1367,324.4,4. P,14
339,1369,5705.15,3. M,0
340,1370,185.0,4. P,15
341,1371,104.0,4. P,10
342,1372,1052.0,4. P,0
343,1374,638.0,4. P,0
344,1375,11.5,4. P,9
345,1376,30.0,4. P,9
346,1377,2840.5,3. M,4
347,1378,97.0,4. P,15
348,1379,238.5,4. P,14
349,1380,122.5,4. P,0
350,1381,44.0,4. P,15
351,1382,15.0,4. P,15
352,1385,2086.5,3. M,1
353,1386,120.0,4. P,2
354,1393,78.0,4. P,15
355,1394,5770.5,3. M,2
356,1396,661.5,4. P,7
357,1398,101.5,4. P,14
358,1399,20.5,4. P,15
359,1400,7.0,4. P,14
360,1401,264316.5,1. TG,0
361,1402,25.0,4. P,13
362,1404,8957.7,3. M,0
363,1406,2.0,4. P,15
364,1408,4588.0,3. M,0
365,1409,67.0,4. P,1
366,1410,5713.5,3. M,0
367,1414,199.0,4. P,10
368,1416,312.0,4. P,9
369,1420,39.0,4. P,11
370,1422,315.5,4. P,1
371,1423,68.5,4. P,14
372,1425,396.2,4. P,5
373,1428,33.0,4. P,14
374,1429,33.0,4. P,14
375,1432,8508.5,3. M,1
376,1434,2345.0,3. M,0
377,1435,19762.0,2. G,5
378,1436,322.0,4. P,0
379,1438,5945.5,3. M,0
380,1439,13.0,4. P,14
381,1441,1180.5,4. P,0
382,1442,3674.5,3. M,0
383,1448,1152.5,4. P,6
384,1449,98959.5,1. TG,0
385,1450,7093.0,3. M,0
386,1451,375.0,4. P,8
387,1456,50.0,4. P,14
388,1459,1173.5,4. P,12
389,1461,62.0,4. P,1
390,1462,2339.5,3. M,2
391,1466,80.0,4. P,11
392,1468,6095.0,3. M,0
393,1469,11579.5,2. G,0
394,1471,13209.5,2. G,0
395,1472,31.5,4. P,13
396,1473,1371.0,4. P,0
397,1475,18.0,4. P,13
398,1477,979.0,4. P,3
399,1478,1073.0,4. P,0
400,1483,1111.5,4. P,10
401,1486,1249.0,4. P,1
402,1487,1678.5,3. M,9
403,1494,29.5,4. P,9
404,1495,4387.5,3. M,0
405,1496,41.5,4. P,13
406,1497,2353.6,3. M,0
407,1498,6316.5,3. M,0
408,1499,3680.4,3. M,0
409,1502,212.5,4. P,0
410,1507,1469.5,4. P,0
411,1510,1263.6,4. P,0
412,1511,147.0,4. P,13
413,1512,1042.0,4. P,0
414,1522,1430.0,4. P,0
415,1530,393.7,4. P,9
416,1533,17.5,4. P,12
417,1534,580.5,4. P,1
418,1535,6645.0,3. M,0
419,1536,10967.5,2. G,0
420,1538,540.1,4. P,1
421,1539,487.5,4. P,12
422,1543,16948.5,2. G,8
423,1544,2272.5,3. M,0
424,1548,850.0,4. P,8
425,1549,193.0,4. P,1
426,1550,159245.0,1. TG,9
427,1551,999.0,4. P,8
428,1552,188.5,4. P,12
429,1553,4196.5,3. M,0
430,1554,60.0,4. P,7
431,1555,20.0,4. P,0
432,1556,6451.5,3. M,0
433,1557,3251.0,3. M,9
434,1558,127.5,4. P,11
435,1559,77.5,4. P,12
436,1566,2725.0,3. M,0
437,1567,3304.5,3. M,2
438,1569,15428.0,2. G,0
439,1571,10.5,4. P,9
440,1573,614.0,4. P,8
441,1574,696.0,4. P,0
442,1577,193.5,4. P,12
443,1578,1289655.0,1. TG,0
444,1584,52693.0,1. TG,0
445,1585,2341.5,3. M,1
446,1588,51.5,4. P,6
447,1589,29731.0,2. G,8
448,1600,2072.75,3. M,0
449,1601,90.0,4. P,8
450,1602,1377.0,4. P,0
451,1604,20.0,4. P,0
452,1606,123.0,4. P,1
453,1608,58.5,4. P,11
454,1612,5437.0,3. M,0
455,1614,411.5,4. P,1
456,1615,131908.0,1. TG,0
457,1616,7638.0,3. M,0
458,1618,514.6,4. P,0
459,1619,707.5,4. P,6
460,1621,590.0,4. P,11
461,1623,51.5,4. P,11
462,1625,720.5,4. P,2
463,1627,877.5,4. P,0
464,1628,74.0,4. P,11
465,1630,914.5,4. P,0
466,1631,53.5,4. P,10
467,1632,14.0,4. P,11
468,1634,37.0,4. P,8
469,1636,1137.0,4. P,0
470,1637,4.5,4. P,11
471,1639,850.5,4. P,0
472,1641,203.5,4. P,0
473,1642,559.5,4. P,10
474,1643,1270.0,4. P,0
475,1645,217.0,4. P,8
476,1646,63.5,4. P,6
477,1648,3200.5,3. M,0
478,1650,49.0,4. P,11
479,1651,177.0,4. P,3
480,1652,710.0,4. P,0
481,1653,19795.0,2. G,0
482,1654,70.0,4. P,3
483,1655,41.0,4. P,10
484,1656,24.0,4. P,8
485,1657,29.0,4. P,9
486,1659,790.5,4. P,7
487,1660,13.0,4. P,8
488,1661,42.0,4. P,4
489,1663,5579.5,3. M,0
490,1664,1066.0,4. P,8
491,1666,1364.0,4. P,10
492,1667,1011.0,4. P,11
493,1668,183.0,4. P,8
494,1669,23.0,4. P,11
495,1671,385.5,4. P,0
496,1672,2270.0,3. M,0
497,1673,10077.0,3. M,0
498,1674,403.0,4. P,9
499,1676,165.0,4. P,10
500,1678,4.0,4. P,5
501,1679,72.5,4. P,8
502,1680,375.0,4. P,11
503,1682,286.4,4. P,0
504,1683,8068.5,3. M,0
505,1684,11.0,4. P,11
506,1685,4142.5,3. M,0
507,1687,13.0,4. P,11
508,1688,1390.0,4. P,2
509,1689,141.0,4. P,0
510,1690,742.0,4. P,7
511,1692,825.5,4. P,4
512,1694,2223.5,3. M,6
513,1695,1789.0,3. M,0
514,1696,259.0,4. P,3
515,1697,51.0,4. P,11
516,1698,617.0,4. P,1
517,1700,25.0,4. P,11
518,1701,113.0,4. P,11
519,1702,12284.5,2. G,0
520,1703,10.0,4. P,11
521,1705,10.0,4. P,11
522,1706,2080.5,3. M,5
523,1707,315.0,4. P,5
524,1708,360.0,4. P,0
525,1709,732.0,4. P,6
526,1710,758.5,4. P,3
527,1711,55.0,4. P,7
528,1712,268.5,4. P,1
529,1713,10.0,4. P,10
530,1715,339.0,4. P,9
531,1717,29.5,4. P,11
532,1719,736.0,4. P,0
533,1720,3239.0,3. M,9
534,1722,417.0,4. P,7
535,1723,657.0,4. P,3
536,1724,10.0,4. P,11
537,1725,29.0,4. P,11
538,1726,149.5,4. P,10
539,1727,122.0,4. P,10
540,1728,45.5,4. P,11
541,1729,1804.6,3. M,8
542,1730,2363.0,3. M,6
543,1732,8107.6,3. M,0
544,1733,7.5,4. P,9
545,1734,10.0,4. P,11
546,1735,7480.05,3. M,0
547,1736,225.5,4. P,10
548,1737,18.0,4. P,11
549,1738,34631.0,2. G,0
550,1739,6969.0,3. M,0
551,1741,9589.5,3. M,0
552,1742,36.5,4. P,11
553,1743,40.5,4. P,9
554,1744,97.5,4. P,10
555,1745,794.5,4. P,1
556,1746,8.0,4. P,10
557,1747,86.0,4. P,10
558,1749,673.0,4. P,1
559,1750,21855.5,2. G,0
560,1752,844.5,4. P,0
561,1753,235.5,4. P,9
562,1754,41.5,4. P,10
563,1755,2.0,4. P,10
564,1757,55.0,4. P,9
565,1758,284.0,4. P,7
566,1759,7.5,4. P,10
567,1760,1006.5,4. P,0
568,1762,62.0,4. P,9
569,1763,10.5,4. P,10
570,1764,6231.5,3. M,0
571,1765,478.0,4. P,0
572,1766,214.1,4. P,9
573,1768,233.5,4. P,8
574,1769,60.0,4. P,10
575,1770,548.5,4. P,10
576,1771,423.0,4. P,1
577,1772,87.0,4. P,10
578,1773,1969.0,3. M,10
579,1775,14.0,4. P,10
580,1776,24.0,4. P,10
581,1777,8.5,4. P,10
582,1778,26.0,4. P,10
583,1779,10.0,4. P,10
584,1780,10.0,4. P,10
585,1781,4.5,4. P,10
586,1782,3435.5,3. M,0
587,1783,47170.5,2. G,7
588,1784,29433.5,2. G,0
589,1786,770.0,4. P,2
590,1787,3913.5,3. M,0
591,1788,70.5,4. P,7
592,1789,24205.5,2. G,2
593,1790,90.0,4. P,8
594,1791,9902.5,3. M,0
595,1793,52.5,4. P,10
596,1795,714.0,4. P,0
597,1796,42.0,4. P,10
598,1797,10.0,4. P,10
599,1798,9276.45,3. M,0
600,1799,13.0,4. P,10
601,1800,437.0,4. P,0
602,1801,903.5,4. P,9
603,1802,758.0,4. P,0
604,1803,10.0,4. P,10
605,1804,568.0,4. P,3
606,1805,1156.5,4. P,0
607,1806,60.5,4. P,10
608,1807,178.5,4. P,8
609,1810,10.0,4. P,10
610,1811,173.0,4. P,4
611,1812,9511.5,3. M,2
612,1815,10.0,4. P,10
613,1816,58.0,4. P,0
614,1817,618.5,4. P,8
615,1818,2283.5,3. M,0
616,1821,35.0,4. P,9
617,1823,813.5,4. P,4
618,1824,3943.5,3. M,2
619,1825,19.0,4. P,10
620,1826,704.0,4. P,0
621,1827,3647.5,3. M,9
622,1828,40.5,4. P,10
623,1830,17.0,4. P,10
624,1831,95.0,4. P,9
625,1832,17.5,4. P,10
626,1833,3940.5,3. M,8
627,1835,20.0,4. P,10
628,1837,8591.0,3. M,0
629,1838,215.0,4. P,10
630,1839,17.0,4. P,10
631,1840,806.0,4. P,3
632,1841,337.5,4. P,1
633,1842,377.0,4. P,1
634,1844,52.5,4. P,10
635,1845,629.5,4. P,1
636,1848,28.5,4. P,10
637,1849,153.0,4. P,10
638,1850,10771.0,2. G,0
639,1851,1914.0,3. M,0
640,1852,248.0,4. P,10
641,1853,178.5,4. P,0
642,1854,23286.95,2. G,0
643,1855,241.5,4. P,3
644,1856,8.0,4. P,10
645,1857,7489.5,3. M,7
646,1858,75.0,4. P,9
647,1859,13.5,4. P,10
648,1860,10716.0,2. G,6
649,1861,157.65,4. P,10
650,1862,91.5,4. P,9
651,1863,101.0,4. P,5
652,1864,38.5,4. P,10
653,1865,969.5,4. P,10
654,1866,345.0,4. P,9
655,1867,1735.0,3. M,0
656,1868,609.0,4. P,5
657,1869,5717.7,3. M,0
658,1870,46.5,4. P,8
659,1871,2860.0,3. M,0
660,1872,2543.0,3. M,0
661,1873,377.0,4. P,6
662,1875,256.5,4. P,9
663,1876,1062.9,4. P,0
664,1877,10.0,4. P,10
665,1878,10.0,4. P,10
666,1879,356.0,4. P,7
667,1881,2.0,4. P,10
668,1882,159.1,4. P,9
669,1883,120.0,4. P,2
670,1884,302.0,4. P,0
671,1885,2484.85,3. M,0
672,1886,45.5,4. P,9
673,1887,14.0,4. P,10
674,1889,47.0,4. P,9
675,1890,63.5,4. P,7
676,1891,103.0,4. P,9
677,1892,10.0,4. P,10
678,1893,8.0,4. P,10
679,1894,1162.0,4. P,2
680,1895,2.5,4. P,10
681,1897,10.0,4. P,10
682,1898,111.0,4. P,10
683,1899,49.0,4. P,1
684,1900,393.5,4. P,0
685,1901,200.0,4. P,8
686,1902,341.5,4. P,0
687,1904,10.0,4. P,10
688,1905,39.5,4. P,10
689,1906,115.0,4. P,9
690,1907,10.0,4. P,10
691,1908,922.5,4. P,3
692,1909,7831.5,3. M,3
693,1910,151.5,4. P,8
694,1911,10.0,4. P,7
695,1912,6797.7,3. M,0
696,1914,11137.4,2. G,0
697,1916,10.0,4. P,10
698,1918,5403.5,3. M,0
699,1919,3993.5,3. M,0
700,1920,18.0,4. P,10
701,1922,20.0,4. P,10
702,1924,203.0,4. P,7
703,1925,8.5,4. P,9
704,1926,227.5,4. P,6
705,1927,9796.5,3. M,0
706,1928,785.5,4. P,0
707,1929,36.5,4. P,10
708,1930,2168.0,3. M,0
709,1931,107.0,4. P,3
710,1933,26322.0,2. G,5
711,1934,41.0,4. P,10
712,1936,472.5,4. P,0
713,1937,10.0,4. P,10
714,1938,38.0,4. P,10
715,1939,9.0,4. P,10
716,1940,71.0,4. P,10
717,1941,10.0,4. P,10
718,1942,19.0,4. P,10
719,1943,10.0,4. P,10
720,1944,446.5,4. P,5
721,1945,30.0,4. P,9
722,1947,148.5,4. P,3
723,1948,383.5,4. P,9
724,1949,1779.5,3. M,0
725,1950,505.5,4. P,0
726,1951,2359.0,3. M,0
727,1952,10.5,4. P,10
728,1953,21.0,4. P,10
729,1954,1202.5,4. P,8
730,1955,265.5,4. P,9
731,1956,473.0,4. P,1
732,1957,15.5,4. P,10
733,1958,16682.5,2. G,3
734,1959,3584.5,3. M,0
735,1960,221.0,4. P,8
736,1961,10075.0,3. M,3
737,1962,432.5,4. P,1
738,1963,10.0,4. P,10
739,1964,37.5,4. P,10
740,1965,10.0,4. P,9
741,1966,495.35,4. P,0
742,1967,29.0,4. P,9
743,1968,150.0,4. P,9
744,1971,33.5,4. P,9
745,1972,451.0,4. P,4
746,1973,22.5,4. P,10
747,1974,98.5,4. P,9
748,1975,535.2,4. P,8
749,1978,1235.0,4. P,2
750,1979,326.5,4. P,9
751,1981,3215.0,3. M,1
752,1982,898.5,4. P,0
753,1983,1979.0,3. M,0
754,1984,121.0,4. P,2
755,1985,92.0,4. P,8
756,1986,297.5,4. P,8
757,1987,23.0,4. P,9
758,1988,51.0,4. P,9
759,1989,57.0,4. P,1
760,1990,138.5,4. P,6
761,1991,1567.0,4. P,0
762,1992,189.5,4. P,9
763,1993,28.0,4. P,9
764,1994,1295.0,4. P,0
765,1996,346.0,4. P,8
766,1998,10.0,4. P,9
767,1999,22.5,4. P,9
768,2000,16.0,4. P,9
769,2001,14.0,4. P,9
770,2002,6.0,4. P,9
771,2003,10.0,4. P,9
772,2006,7087.6,3. M,0
773,2008,26.5,4. P,9
774,2009,10.0,4. P,9
775,2010,424.0,4. P,9
776,2011,33.5,4. P,9
777,2013,40.0,4. P,9
778,2015,10.0,4. P,9
779,2017,298.4,4. P,8
780,2019,6000.0,3. M,0
781,2020,406.1,4. P,0
782,2022,28.5,4. P,9
783,2024,34168.0,2. G,0
784,2025,10.0,4. P,9
785,2026,113.0,4. P,6
786,2027,137.0,4. P,9
787,2028,59.5,4. P,1
788,2029,112.0,4. P,9
789,2030,18.0,4. P,8
790,2031,809.0,4. P,1
791,2032,106.5,4. P,2
792,2034,6049.0,3. M,0
793,2035,1508.0,4. P,0
794,2036,45.5,4. P,9
795,2037,490.0,4. P,0
796,2038,12.0,4. P,9
797,2039,42.5,4. P,9
798,2040,10.0,4. P,9
799,2041,805.5,4. P,0
800,2042,10.5,4. P,9
801,2043,770.0,4. P,1
802,2044,10.0,4. P,9
803,2045,14.5,4. P,9
804,2046,20102.5,2. G,0
805,2049,187.0,4. P,9
806,2050,9.0,4. P,9
807,2051,845.0,4. P,8
808,2052,51.5,4. P,9
809,2054,40.0,4. P,9
810,2055,886.0,4. P,4
811,2056,2.0,4. P,6
812,2057,1237.0,4. P,1
813,2058,406.5,4. P,0
814,2059,1651.5,3. M,0
815,2062,10.0,4. P,9
816,2063,1758.0,3. M,3
817,2064,13.0,4. P,9
818,2065,211.5,4. P,9
819,2066,208.0,4. P,7
820,2067,1078.85,4. P,3
821,2068,45617.5,2. G,0
822,2069,10.0,4. P,9
823,2070,1303.5,4. P,5
824,2071,590.5,4. P,9
825,2072,11.0,4. P,9
826,2073,1057.5,4. P,9
827,2074,1.0,4. P,9
828,2075,231.0,4. P,0
829,2076,10.0,4. P,9
830,2077,10.0,4. P,9
831,2078,10.0,4. P,9
832,2080,10.0,4. P,9
833,2081,29.5,4. P,9
834,2083,250.0,4. P,8
835,2085,10.0,4. P,9
836,2086,10.0,4. P,9
837,2087,7404.4,3. M,0
838,2088,17.5,4. P,9
839,2089,225.5,4. P,4
840,2090,73.0,4. P,4
841,2092,162.5,4. P,0
842,2093,564.0,4. P,9
843,2094,18.5,4. P,9
844,2096,60.0,4. P,8
845,2097,10.0,4. P,9
846,2098,129.5,4. P,9
847,2099,31.5,4. P,9
848,2100,233.0,4. P,8
849,2101,589.5,4. P,9
850,2102,15.0,4. P,9
851,2103,55.5,4. P,9
852,2104,66.0,4. P,9
853,2105,249.5,4. P,5
854,2106,10.0,4. P,9
855,2107,27.0,4. P,9
856,2108,304.75,4. P,1
857,2109,12.0,4. P,9
858,2111,392.5,4. P,4
859,2112,82.0,4. P,7
860,2114,6394.0,3. M,7
861,2115,11.5,4. P,9
862,2116,30.0,4. P,9
863,2118,1515.0,4. P,6
864,2119,2875.5,3. M,0
865,2120,19.0,4. P,9
866,2121,221.0,4. P,8
867,2122,659.5,4. P,0
868,2124,45.0,4. P,9
869,2125,39.5,4. P,2
870,2126,1112.1,4. P,8
871,2128,418.5,4. P,1
872,2131,170.0,4. P,9
873,2132,679.5,4. P,0
874,2133,700.5,4. P,7
875,2134,10.0,4. P,9
876,2135,10.0,4. P,9
877,2136,150.0,4. P,4
878,2137,21.0,4. P,9
879,2138,489.6,4. P,9
880,2139,225.0,4. P,3
881,2140,1400.0,4. P,1
882,2142,159.0,4. P,4
883,2143,25.0,4. P,9
884,2144,16.0,4. P,9
885,2145,10.0,4. P,9
886,2146,9.9,4. P,9
887,2148,164.5,4. P,5
888,2149,444.0,4. P,0
889,2150,19.0,4. P,9
890,2151,10494.5,3. M,0
891,2152,10.0,4. P,9
892,2153,16777.5,2. G,0
893,2154,3.5,4. P,9
894,2155,100.0,4. P,0
895,2156,4.0,4. P,9
896,2157,843.0,4. P,5
897,2158,10.0,4. P,8
898,2159,2.0,4. P,9
899,2161,23.5,4. P,9
900,2162,10.0,4. P,9
901,2163,30503.0,2. G,4
902,2164,925.5,4. P,0
903,2165,255.0,4. P,9
904,2166,19.5,4. P,9
905,2167,300.0,4. P,3
906,2169,123.0,4. P,9
907,2170,1654.5,3. M,6
908,2171,11.0,4. P,9
909,2172,27.0,4. P,9
910,2173,5.0,4. P,9
911,2174,397.5,4. P,8
912,2175,12.5,4. P,8
913,2176,5.0,4. P,9
914,2178,10.0,4. P,9
915,2179,81.0,4. P,5
916,2180,9.5,4. P,9
917,2181,510.0,4. P,8
918,2184,33.5,4. P,9
919,2185,49435.3,1. TG,0
920,2186,17976.0,2. G,0
921,2187,259.0,4. P,8
922,2188,3.5,4. P,9
923,2189,5.0,4. P,9
924,2190,52.5,4. P,5
925,2191,10.0,4. P,9
926,2192,10.0,4. P,9
927,2193,706.5,4. P,6
928,2194,9.0,4. P,9
929,2196,656.0,4. P,8
930,2197,176.5,4. P,9
931,2198,10.0,4. P,9
932,2200,965.0,4. P,6
933,2201,34.0,4. P,9
934,2202,121.0,4. P,7
935,2203,662.0,4. P,3
936,2204,36.5,4. P,8
937,2205,10.0,4. P,9
938,2206,2193.5,3. M,0
939,2207,28.0,4. P,9
940,2208,10.0,4. P,9
941,2209,115.5,4. P,8
942,2210,28.5,4. P,1
943,2212,429.0,4. P,9
944,2213,146.0,4. P,1
945,2214,297.0,4. P,8
946,2215,5214.0,3. M,0
947,2216,12.5,4. P,9
948,2217,9.5,4. P,9
949,2218,100.0,4. P,9
950,2219,7451.5,3. M,5
951,2220,4306.5,3. M,1
952,2221,152.0,4. P,8
953,2223,4024.0,3. M,0
954,2224,76.5,4. P,1
955,2225,24.5,4. P,9
956,2226,90.0,4. P,9
957,2227,9.0,4. P,8
958,2228,640.0,4. P,4
959,2229,26.0,4. P,5
960,2230,742.5,4. P,2
961,2231,557.0,4. P,8
962,2233,77.5,4. P,8
963,2234,55.0,4. P,9
964,2235,8284.3,3. M,0
965,2237,10.5,4. P,9
966,2238,135.5,4. P,8
967,2239,28.0,4. P,9
968,2240,57.0,4. P,1
969,2241,224.5,4. P,8
970,2243,37.5,4. P,9
971,2244,21.0,4. P,9
972,2245,2872.5,3. M,0
973,2246,85.0,4. P,9
974,2247,2954.0,3. M,0
975,2248,8972.5,3. M,1
976,2249,10.0,4. P,9
977,2250,26.0,4. P,9
978,2251,1869.5,3. M,7
979,2252,31910.0,2. G,0
980,2253,100.0,4. P,9
981,2254,98.0,4. P,0
982,2255,10.0,4. P,9
983,2256,50.0,4. P,8
984,2257,8326.5,3. M,0
985,2259,16.5,4. P,9
986,2260,331.5,4. P,8
987,2261,962.5,4. P,8
988,2262,2274.0,3. M,0
989,2263,74.0,4. P,1
990,2264,608.5,4. P,8
991,2265,629.0,4. P,3
992,2266,5400.5,3. M,0
993,2267,199.5,4. P,8
994,2268,165.0,4. P,8
995,2269,11.5,4. P,9
996,2270,1004.75,4. P,2
997,2271,10.0,4. P,9
998,2272,6.5,4. P,9
999,2273,13612.55,2. G,0
1000,2274,25225.0,2. G,0
1001,2276,283.0,4. P,8
1002,2277,64.5,4. P,8
1003,2279,8.5,4. P,9
1004,2280,1106.0,4. P,8
1005,2281,9131.5,3. M,3
1006,2285,72.1,4. P,4
1007,2286,28.0,4. P,9
1008,2287,35125.75,2. G,0
1009,2288,182.0,4. P,6
1010,2289,249.5,4. P,8
1011,2290,78.5,4. P,8
1012,2291,775.0,4. P,0
1013,2292,40.0,4. P,8
1014,2293,67.5,4. P,8
1015,2294,190.5,4. P,9
1016,2295,1886.5,3. M,0
1017,2296,1000.5,4. P,8
1018,2297,73.0,4. P,8
1019,2298,10.0,4. P,9
1020,2299,35.0,4. P,8
1021,2300,163.0,4. P,9
1022,2301,48.0,4. P,9
1023,2302,3987.0,3. M,0
1024,2303,167.5,4. P,8
1025,2305,404.0,4. P,8
1026,2306,313.0,4. P,8
1027,2307,180.5,4. P,7
1028,2308,152.0,4. P,8
1029,2309,34.5,4. P,1
1030,2310,49.0,4. P,0
1031,2311,89.5,4. P,8
1032,2312,8.5,4. P,9
1033,2313,529.5,4. P,5
1034,2314,457.0,4. P,1
1035,2315,16.0,4. P,9
1036,2316,31.5,4. P,8
1037,2317,5.0,4. P,9
1038,2318,421.0,4. P,8
1039,2319,7215.2,3. M,0
1040,2320,1266.0,4. P,0
1041,2321,53.0,4. P,8
1042,2322,10.0,4. P,8
1043,2323,991.5,4. P,0
1044,2325,507.0,4. P,8
1045,2326,200.0,4. P,8
1046,2327,283.5,4. P,8
1047,2328,22.5,4. P,8
1048,2329,10.0,4. P,8
1049,2331,10.0,4. P,8
1050,2332,12853.5,2. G,1
1051,2333,102.5,4. P,4
1052,2334,267.0,4. P,0
1053,2335,689.0,4. P,4
1054,2336,150.0,4. P,7
1055,2337,266.0,4. P,2
1056,2338,15.0,4. P,8
1057,2339,91.0,4. P,8
1058,2340,34.5,4. P,8
1059,2341,20.0,4. P,0
1060,2342,229.5,4. P,6
1061,2343,1870.0,3. M,3
1062,2344,254.0,4. P,0
1063,2345,10.0,4. P,8
1064,2346,64.0,4. P,8
1065,2347,305.5,4. P,8
1066,2348,181.5,4. P,0
1067,2349,2.0,4. P,8
1068,2350,19.0,4. P,8
1069,2351,7141.5,3. M,0
1070,2352,11.5,4. P,8
1071,2355,31.0,4. P,0
1072,2357,107.0,4. P,8
1073,2358,100.0,4. P,7
1074,2359,1018.75,4. P,7
1075,2362,8.5,4. P,8
1076,2363,339.1,4. P,1
1077,2367,466.5,4. P,8
1078,2369,340.5,4. P,3
1079,2370,48.0,4. P,7
1080,2371,239.0,4. P,8
1081,2372,10.0,4. P,8
1082,2373,10.0,4. P,8
1083,2374,38.5,4. P,3
1084,2375,10.0,4. P,8
1085,2376,53.0,4. P,8
1086,2377,10.0,4. P,8
1087,2378,40.0,4. P,8
1088,2379,2199.5,3. M,0
1089,2380,3208.5,3. M,0
1090,2381,1252.5,4. P,0
1091,2382,13.5,4. P,8
1092,2383,16.0,4. P,8
1093,2384,387.5,4. P,4
1094,2385,878.0,4. P,0
1095,2386,1921.0,3. M,7
1096,2388,9.0,4. P,0
1097,2389,980.7,4. P,1
1098,2390,73.0,4. P,6
1099,2391,8973.5,3. M,0
1100,2392,65.0,4. P,7
1101,2393,10.0,4. P,8
1102,2394,1615.5,3. M,8
1103,2396,3050.0,3. M,6
1104,2397,540.5,4. P,4
1105,2398,1949.0,3. M,8
1106,2399,1685.5,3. M,7
1107,2400,10.0,4. P,8
1108,2402,16.0,4. P,8
1109,2403,14.5,4. P,8
1110,2404,16.0,4. P,8
1111,2405,1377.65,4. P,4
1112,2406,1043.5,4. P,8
1113,2408,3420.5,3. M,4
1114,2409,30.0,4. P,4
1115,2410,10.0,4. P,8
1116,2411,1102.75,4. P,2
1117,2412,148.0,4. P,0
1118,2413,10.0,4. P,8
1119,2414,26.5,4. P,8
1120,2420,358.5,4. P,1
1121,2421,10.0,4. P,8
1122,2422,71.0,4. P,8
1123,2423,302.0,4. P,2
1124,2424,875.5,4. P,3
1125,2425,10.0,4. P,8
1126,2427,105.0,4. P,8
1127,2429,122.0,4. P,0
1128,2431,331.5,4. P,1
1129,2433,224.5,4. P,7
1130,2434,15.5,4. P,8
1131,2435,10.0,4. P,8
1132,2437,8.0,4. P,8
1133,2438,10.0,4. P,8
1134,2439,26.0,4. P,8
1135,2440,177.5,4. P,2
1136,2441,8890.0,3. M,0
1137,2442,379.0,4. P,8
1138,2443,555.0,4. P,7
1139,2445,237.5,4. P,7
1140,2446,1287.5,4. P,0
1141,2448,11.5,4. P,7
1142,2449,34.5,4. P,6
1143,2450,258.0,4. P,1
1144,2451,19.5,4. P,8
1145,2452,40.0,4. P,2
1146,2453,1329.5,4. P,7
1147,2454,27.0,4. P,8
1148,2455,10.0,4. P,8
1149,2456,10.0,4. P,8
1150,2458,15.0,4. P,8
1151,2459,38.5,4. P,7
1152,2461,15.0,4. P,8
1153,2462,3.0,4. P,8
1154,2463,153.5,4. P,4
1155,2465,128.0,4. P,0
1156,2467,258.5,4. P,5
1157,2468,24923.5,2. G,0
1158,2469,41.0,4. P,8
1159,2470,1192.7,4. P,4
1160,2471,150.0,4. P,7
1161,2472,2719.5,3. M,0
1162,2473,11.1,4. P,5
1163,2475,676.0,4. P,2
1164,2476,1274.0,4. P,0
1165,2477,14.5,4. P,8
1166,2478,1955.0,3. M,6
1167,2480,12.0,4. P,6
1168,2482,118.0,4. P,0
1169,2483,82.0,4. P,0
1170,2484,10212.0,3. M,0
1171,2485,274.0,4. P,8
1172,2487,10.0,4. P,8
1173,2488,1648.0,3. M,1
1174,2490,13.0,4. P,8
1175,2491,10.0,4. P,8
1176,2492,405.0,4. P,7
1177,2493,56.5,4. P,5
1178,2494,21.0,4. P,8
1179,2495,35.5,4. P,6
1180,2496,10.0,4. P,7
1181,2498,5.5,4. P,7
1182,2499,1049.0,4. P,6
1183,2500,62.0,4. P,7
1184,2503,10.0,4. P,7
1185,2504,108.0,4. P,7
1186,2505,18.0,4. P,7
1187,2507,173.5,4. P,7
1188,2508,10.0,4. P,7
1189,2509,54.0,4. P,7
1190,2510,1845.0,3. M,0
1191,2512,63.5,4. P,7
1192,2514,32.0,4. P,7
1193,2515,23.0,4. P,7
1194,2520,870.5,4. P,0
1195,2521,15.5,4. P,7
1196,2522,29.0,4. P,7
1197,2523,52.5,4. P,7
1198,2526,162.5,4. P,0
1199,2527,42.5,4. P,7
1200,2528,5945.0,3. M,0
1201,2531,10.0,4. P,7
1202,2533,10.0,4. P,7
1203,2535,16.5,4. P,7
1204,2539,6.0,4. P,7
1205,2540,18.5,4. P,5
1206,2541,25.5,4. P,7
1207,2542,7586.0,3. M,1
1208,2545,547.0,4. P,7
1209,2546,169.5,4. P,7
1210,2547,7.0,4. P,7
1211,2549,153.0,4. P,4
1212,2551,216.0,4. P,7
1213,2552,10.0,4. P,7
1214,2553,106.0,4. P,7
1215,2554,33.0,4. P,7
1216,2557,18.0,4. P,7
1217,2559,106.0,4. P,2
1218,2560,40.0,4. P,7
1219,2562,5.0,4. P,7
1220,2563,10.0,4. P,7
1221,2564,36.0,4. P,7
1222,2565,15.5,4. P,7
1223,2566,9.6,4. P,7
1224,2567,20.0,4. P,7
1225,2569,20.5,4. P,7
1226,2570,10.0,4. P,7
1227,2571,776.5,4. P,7
1228,2573,194.0,4. P,0
1229,2574,10.0,4. P,7
1230,2575,18.5,4. P,7
1231,2579,2113.0,3. M,0
1232,2582,10.0,4. P,7
1233,2584,1511.5,4. P,0
1234,2585,3679.5,3. M,0
1235,2586,4.5,4. P,7
1236,2587,10.0,4. P,7
1237,2588,9.5,4. P,7
1238,2589,9.9,4. P,7
1239,2591,10.5,4. P,7
1240,2592,10.0,4. P,7
1241,2593,14.0,4. P,7
1242,2594,10.0,4. P,7
1243,2595,121.0,4. P,7
1244,2596,28991.0,2. G,5
1245,2597,10.0,4. P,7
1246,2598,96.5,4. P,7
1247,2599,18.0,4. P,7
1248,2600,25.0,4. P,7
1249,2601,10.0,4. P,7
1250,2602,15.0,4. P,7
1251,2603,20.5,4. P,7
1252,2604,15.5,4. P,7
1253,2606,10.0,4. P,7
1254,2608,39.0,4. P,7
1255,2609,9.5,4. P,7
1256,2610,10.0,4. P,7
1257,2612,10.0,4. P,7
1258,2613,19.5,4. P,7
1259,2616,10.0,4. P,7
1260,2617,144.0,4. P,7
1261,2618,10.0,4. P,7
1262,2619,134.5,4. P,7
1263,2620,10.0,4. P,7
1264,2621,28.0,4. P,7
1265,2622,128.5,4. P,7
1266,2623,10.0,4. P,7
1267,2625,12.5,4. P,7
1268,2627,12.5,4. P,7
1269,2628,10.0,4. P,7
1270,2629,9.5,4. P,7
1271,2630,10.0,4. P,7
1272,2631,5517.35,3. M,0
1273,2632,30.5,4. P,7
1274,2633,39.5,4. P,7
1275,2635,10.0,4. P,7
1276,2636,40.0,4. P,7
1277,2637,10.0,4. P,7
1278,2638,431.5,4. P,6
1279,2639,10.0,4. P,7
1280,2640,76.0,4. P,6
1281,2641,10.0,4. P,7
1282,2643,10.0,4. P,7
1283,2644,185.0,4. P,5
1284,2648,355.5,4. P,6
1285,2649,9.5,4. P,7
1286,2650,30.0,4. P,7
1287,2651,10.0,4. P,7
1288,2652,10.0,4. P,7
1289,2653,16.5,4. P,6
1290,2654,10.0,4. P,7
1291,2655,9.0,4. P,7
1292,2656,10.0,4. P,7
1293,2657,26.6,4. P,7
1294,2658,431.5,4. P,6
1295,2659,12.5,4. P,7
1296,2661,10.0,4. P,6
1297,2662,10.0,4. P,6
1298,2663,1.0,4. P,6
1299,2664,17.5,4. P,6
1300,2665,73.7,4. P,6
1301,2666,306.5,4. P,5
1302,2667,10.0,4. P,6
1303,2668,10.0,4. P,6
1304,2669,10.0,4. P,6
1305,2670,10.0,4. P,6
1306,2671,65.5,4. P,6
1307,2672,10.0,4. P,6
1308,2674,1012.0,4. P,0
1309,2676,2639.5,3. M,0
1310,2677,14.0,4. P,6
1311,2678,973.8,4. P,5
1312,2679,9.0,4. P,6
1313,2680,5805.5,3. M,0
1314,2681,10.0,4. P,6
1315,2682,10.0,4. P,6
1316,2683,15.0,4. P,6
1317,2684,10.0,4. P,6
1318,2686,261.0,4. P,5
1319,2687,2535.6,3. M,3
1320,2689,33.5,4. P,6
1321,2690,15.5,4. P,6
1322,2691,6274.5,3. M,0
1323,2693,17.0,4. P,6
1324,2694,3503.5,3. M,0
1325,2695,10.0,4. P,6
1326,2697,458.5,4. P,6
1327,2698,4686.5,3. M,3
1328,2699,31.0,4. P,6
1329,2700,11.5,4. P,5
1330,2701,828.1,4. P,5
1331,2703,124.5,4. P,2
1332,2704,68.5,4. P,6
1333,2705,176.5,4. P,6
1334,2706,10.0,4. P,6
1335,2707,14.5,4. P,6
1336,2708,29.5,4. P,6
1337,2709,10.0,4. P,6
1338,2712,11.5,4. P,6
1339,2713,4402.0,3. M,2
1340,2714,259.5,4. P,0
1341,2715,125.0,4. P,5
1342,2716,1337.0,4. P,5
1343,2718,391.5,4. P,0
1344,2719,48.5,4. P,6
1345,2720,10.0,4. P,6
1346,2721,29.0,4. P,6
1347,2722,51465.5,1. TG,0
1348,2723,157.5,4. P,6
1349,2724,573.0,4. P,5
1350,2725,10.0,4. P,6
1351,2726,23.0,4. P,6
1352,2727,31.0,4. P,6
1353,2728,15.0,4. P,6
1354,2729,166.0,4. P,6
1355,2731,14.5,4. P,5
1356,2732,10.0,4. P,6
1357,2733,17.5,4. P,6
1358,2735,13.5,4. P,6
1359,2736,346.0,4. P,5
1360,2737,29.5,4. P,6
1361,2738,9.0,4. P,6
1362,2740,1075.5,4. P,0
1363,2743,4677.0,3. M,4
1364,2744,106.0,4. P,6
1365,2746,10.5,4. P,6
1366,2748,12.0,4. P,6
1367,2750,1197.0,4. P,0
1368,2751,31872.0,2. G,1
1369,2752,3344.0,3. M,0
1370,2753,59.5,4. P,5
1371,2754,2074.0,3. M,0
1372,2755,18.0,4. P,6
1373,2757,171.0,4. P,5
1374,2763,86.0,4. P,4
1375,2776,134.5,4. P,5
1376,2778,1940.5,3. M,1
1377,2780,32.0,4. P,0
1378,2782,175.0,4. P,1
1379,2783,340.5,4. P,2
1380,2786,764.5,4. P,1
1381,2788,10.0,4. P,6
1382,2790,48.0,4. P,5
1383,2791,124.0,4. P,3
1384,2792,156.5,4. P,5
1385,2793,44927.0,2. G,5
1386,2795,82.5,4. P,5
1387,2796,75.0,4. P,4
1388,2797,382.0,4. P,0
1389,2798,19.0,4. P,6
1390,2801,1787.0,3. M,0
1391,2802,42.0,4. P,3
1392,2803,10.0,4. P,6
1393,2805,37.0,4. P,6
1394,2806,2781.25,3. M,0
1395,2808,25055.5,2. G,0
1396,2809,7.5,4. P,6
1397,2810,1178.5,4. P,0
1398,2811,4865.5,3. M,0
1399,2812,21.0,4. P,6
1400,2813,348.5,4. P,5
1401,2814,8.0,4. P,6
1402,2819,229.5,4. P,1
1403,2820,641.5,4. P,2
1404,2821,1959.5,3. M,0
1405,2822,497.0,4. P,0
1406,2823,863.0,4. P,0
1407,2824,10.0,4. P,5
1408,2825,2923.0,3. M,0
1409,2828,3201.5,3. M,0
1410,2829,659.5,4. P,5
1411,2830,1.0,4. P,5
1412,2832,11.5,4. P,5
1413,2835,35.0,4. P,5
1414,2837,2.0,4. P,5
1415,2838,32.5,4. P,5
1416,2840,6.0,4. P,4
1417,2841,168.0,4. P,5
1418,2843,13.5,4. P,5
1419,2846,5.0,4. P,5
1420,2847,197.5,4. P,0
1421,2848,107.0,4. P,5
1422,2849,7170.0,3. M,5
1423,2850,10.0,4. P,5
1424,2851,2.5,4. P,5
1425,2852,63.0,4. P,5
1426,2854,103.5,4. P,5
1427,2855,761.0,4. P,1
1428,2859,203.5,4. P,0
1429,2860,411.5,4. P,5
1430,2861,165.0,4. P,1
1431,2862,30.5,4. P,5
1432,2863,104.0,4. P,5
1433,2866,29.5,4. P,5
1434,2873,2709.0,3. M,0
1435,2874,314.0,4. P,5
1436,2875,864.5,4. P,2
1437,2877,147.0,4. P,5
1438,2879,183.0,4. P,5
1439,2881,12334.5,2. G,0
1440,2883,10551.0,3. M,0
1441,2884,4.0,4. P,5
1442,2885,10.0,4. P,5
1443,2887,141.0,4. P,5
1444,2892,10.0,4. P,5
1445,2893,172.0,4. P,5
1446,2894,366.0,4. P,0
1447,2895,80.0,4. P,2
1448,2896,827.5,4. P,1
1449,2900,10.0,4. P,5
1450,2901,45.0,4. P,5
1451,2902,10.0,4. P,5
1452,2903,10.0,4. P,5
1453,2904,56792.0,1. TG,0
1454,2906,24.0,4. P,5
1455,2907,10.0,4. P,5
1456,2911,55.5,4. P,5
1457,2912,483.5,4. P,2
1458,2915,18.0,4. P,5
1459,2916,12.0,4. P,4
1460,2918,42.5,4. P,5
1461,2920,26.0,4. P,2
1462,2921,8.5,4. P,5
1463,2925,74.5,4. P,5
1464,2933,6.0,4. P,5
1465,2936,1155.5,4. P,0
1466,2937,21.0,4. P,5
1467,2938,10.0,4. P,5
1468,2945,300.0,4. P,1
1469,2951,18.5,4. P,0
1470,2954,10.0,4. P,5
1471,2956,7.5,4. P,5
1472,2957,38.0,4. P,4
1473,2958,10.0,4. P,5
1474,2959,260.0,4. P,5
1475,2961,205.0,4. P,5
1476,2962,66.0,4. P,5
1477,2972,912.5,4. P,0
1478,2973,10.0,4. P,5
1479,2974,86.0,4. P,3
1480,2977,27.0,4. P,5
1481,2980,19.5,4. P,5
1482,2982,105.0,4. P,2
1483,2983,217.5,4. P,3
1484,2985,14444.0,2. G,0
1485,2991,10.0,4. P,5
1486,2992,53.0,4. P,5
1487,2993,2.0,4. P,5
1488,2995,70.5,4. P,5
1489,2998,36.0,4. P,5
1490,3002,163.0,4. P,5
1491,3003,54.5,4. P,3
1492,3016,48.0,4. P,5
1493,3019,40.0,4. P,5
1494,3021,0.5,4. P,5
1495,3031,18.5,4. P,5
1496,3032,7.5,4. P,5
1497,3033,878.0,4. P,3
1498,3034,10.0,4. P,5
1499,3037,30.5,4. P,5
1500,3040,14.5,4. P,1
1501,3050,15.5,4. P,4
1502,3052,597.5,4. P,5
1503,3053,227.5,4. P,4
1504,3054,14.5,4. P,5
1505,3056,29.0,4. P,5
1506,3058,112.0,4. P,5
1507,3059,10.0,4. P,5
1508,3063,454.5,4. P,2
1509,3066,6.5,4. P,4
1510,3069,35.5,4. P,5
1511,3072,10.0,4. P,5
1512,3073,1187.8,4. P,0
1513,3074,2.5,4. P,5
1514,3075,103.0,4. P,4
1515,3076,2013.5,3. M,1
1516,3077,251.0,4. P,2
1517,3078,8851.0,3. M,2
1518,3082,10.0,4. P,5
1519,3086,85.5,4. P,5
1520,3091,4.0,4. P,4
1521,3101,227.0,4. P,5
1522,3103,20.0,4. P,4
1523,3108,60.0,4. P,5
1524,3109,26.0,4. P,4
1525,3110,112.5,4. P,5
1526,3111,13.5,4. P,5
1527,3115,14.0,4. P,5
1528,3116,1.0,4. P,4
1529,3127,10.0,4. P,5
1530,3131,10.0,4. P,5
1531,3142,10.0,4. P,5
1532,3158,13.0,4. P,5
1533,3162,10.0,4. P,5
1534,3164,37568.0,2. G,0
1535,3167,10.0,4. P,5
1536,3170,121.0,4. P,0
1537,3172,355.5,4. P,1
1538,3187,23.5,4. P,5
1539,3201,13.5,4. P,5
1540,3203,10.0,4. P,5
1541,3204,209.0,4. P,5
1542,3206,10.0,4. P,5
1543,3207,30.5,4. P,5
1544,3210,192.5,4. P,4
1545,3212,5193.0,3. M,0
1546,3214,15.0,4. P,5
1547,3216,146.0,4. P,4
1548,3218,2.5,4. P,5
1549,3222,10.0,4. P,5
1550,3223,10.0,4. P,5
1551,3225,192.0,4. P,1
1552,3228,1.0,4. P,5
1553,3249,78.0,4. P,5
1554,3253,9.5,4. P,5
1555,3258,1.5,4. P,5
1556,3262,205.5,4. P,3
1557,3264,16.0,4. P,5
1558,3265,377.0,4. P,3
1559,3268,10.0,4. P,5
1560,3269,10.0,4. P,5
1561,3271,11.0,4. P,5
1562,3276,116.0,4. P,1
1563,3278,20.0,4. P,5
1564,3281,6.0,4. P,5
1565,3289,15.0,4. P,5
1566,3290,66.5,4. P,4
1567,3291,1002.0,4. P,0
1568,3292,741.0,4. P,4
1569,3293,10.0,4. P,5
1570,3304,11.0,4. P,4
1571,3306,11026.5,2. G,0
1572,3307,10.0,4. P,5
1573,3312,10.0,4. P,5
1574,3315,32.0,4. P,5
1575,3318,16.0,4. P,5
1576,3320,6211.5,3. M,0
1577,3322,7.0,4. P,5
1578,3324,10.0,4. P,5
1579,3326,10.0,4. P,5
1580,3330,161.5,4. P,3
1581,3336,8197.5,3. M,0
1582,3341,7.0,4. P,2
1583,3343,10.0,4. P,5
1584,3346,11.5,4. P,5
1585,3354,10.0,4. P,5
1586,3356,10.0,4. P,5
1587,3357,786.0,4. P,2
1588,3360,2.5,4. P,5
1589,3386,10.0,4. P,5
1590,3389,150.0,4. P,4
1591,3390,10.0,4. P,4
1592,3391,12.0,4. P,5
1593,3392,2.0,4. P,4
1594,3394,613.0,4. P,3
1595,3407,1.5,4. P,5
1596,3436,6.0,4. P,4
1597,3446,10.0,4. P,4
1598,3447,35.0,4. P,4
1599,3452,2215.0,3. M,0
1600,3454,6.5,4. P,4
1601,3456,10.0,4. P,4
1602,3464,2.0,4. P,4
1603,3465,136.5,4. P,4
1604,3466,34.5,4. P,4
1605,3475,31.0,4. P,4
1606,3477,41.0,4. P,4
1607,3484,2.0,4. P,3
1608,3486,19.0,4. P,4
1609,3495,1.0,4. P,4
1610,3496,10.0,4. P,4
1611,3523,605.0,4. P,2
1612,3533,10.0,4. P,4
1613,3534,49.5,4. P,4
1614,3536,169.0,4. P,2
1615,3537,138.5,4. P,2
1616,3539,190.5,4. P,0
1617,3540,96.0,4. P,3
1618,3542,291.5,4. P,4
1619,3545,1351.0,4. P,0
1620,3548,232.5,4. P,4
1621,3550,129.0,4. P,4
1622,3556,5.0,4. P,4
1623,3561,4123.5,3. M,0
1624,3568,7980.0,3. M,2
1625,3573,29.5,4. P,4
1626,3576,10.0,4. P,4
1627,3578,56.5,4. P,4
1628,3579,326.5,4. P,3
1629,3582,44.5,4. P,4
1630,3586,5.5,4. P,4
1631,3593,80.0,4. P,4
1632,3594,11.5,4. P,4
1633,3595,1498.1,4. P,0
1634,3596,29.5,4. P,4
1635,3599,10.0,4. P,4
1636,3604,977.0,4. P,4
1637,3610,1442.0,4. P,0
1638,3611,782.0,4. P,1
1639,3613,10.0,4. P,4
1640,3614,137.0,4. P,4
1641,3616,18.5,4. P,4
1642,3618,2.0,4. P,4
1643,3619,13.0,4. P,4
1644,3620,6.0,4. P,4
1645,3622,22.0,4. P,4
1646,3624,11.0,4. P,4
1647,3626,10.0,4. P,4
1648,3629,10.0,4. P,4
1649,3630,523.0,4. P,0
1650,3631,13.5,4. P,4
1651,3633,15.0,4. P,4
1652,3634,10.0,4. P,4
1653,3635,239.0,4. P,4
1654,3636,10.0,4. P,4
1655,3638,24.0,4. P,4
1656,3640,3.0,4. P,4
1657,3641,16.0,4. P,4
1658,3642,10.0,4. P,4
1659,3644,10.0,4. P,4
1660,3645,10.0,4. P,4
1661,3646,85.5,4. P,4
1662,3656,468.0,4. P,0
1663,3658,20.0,4. P,4
1664,3680,24.5,4. P,4
1665,3687,26.0,4. P,0
1666,3690,13.0,4. P,4
1667,3696,3028.0,3. M,0
1668,3700,10.0,4. P,4
1669,3701,48.0,4. P,4
1670,3704,10.5,4. P,4
1671,3708,1368.6,4. P,1
1672,3709,40.0,4. P,4
1673,3711,14.0,4. P,4
1674,3718,6.0,4. P,4
1675,3720,29.0,4. P,2
1676,3721,143.5,4. P,0
1677,3723,639.0,4. P,3
1678,3730,329.0,4. P,4
1679,3742,5.0,4. P,4
1680,3744,30.0,4. P,4
1681,3747,2.0,4. P,4
1682,3752,2348.0,3. M,0
1683,3756,10.0,4. P,4
1684,3757,21.0,4. P,4
1685,3758,2057.5,3. M,0
1686,3759,10.0,4. P,4
1687,3766,56.0,4. P,3
1688,3769,5043.5,3. M,0
1689,3771,18.5,4. P,4
1690,3772,33.0,4. P,4
1691,3773,159.5,4. P,4
1692,3776,95.5,4. P,4
1693,3780,2.0,4. P,4
1694,3783,8.0,4. P,4
1695,3787,10.0,4. P,4
1696,3788,10.0,4. P,4
1697,3791,32719.0,2. G,2
1698,3795,12.5,4. P,4
1699,3796,10.0,4. P,4
1700,3801,10.0,4. P,4
1701,3802,11.5,4. P,4
1702,3803,10.0,4. P,4
1703,3804,332.5,4. P,0
1704,3805,84.5,4. P,3
1705,3809,48.0,4. P,4
1706,3810,1155.5,4. P,2
1707,3813,12.5,4. P,4
1708,3822,5.0,4. P,4
1709,3823,18657.0,2. G,0
1710,3824,10.0,4. P,4
1711,3825,12.0,4. P,4
1712,3827,31.0,4. P,4
1713,3832,193.0,4. P,0
1714,3833,155.0,4. P,3
1715,3838,10.0,4. P,4
1716,3841,5.0,4. P,4
1717,3842,1892.75,3. M,0
1718,3846,5261.5,3. M,3
1719,3850,303.0,4. P,0
1720,3852,53.5,4. P,1
1721,3854,7.0,4. P,2
1722,3855,10.0,4. P,4
1723,3856,41.0,4. P,3
1724,3857,85.0,4. P,3
1725,3860,63.6,4. P,4
1726,3861,57.5,4. P,4
1727,3863,1259.0,4. P,0
1728,3865,509.0,4. P,0
1729,3868,593.5,4. P,0
1730,3870,10.0,4. P,4
1731,3871,26.0,4. P,3
1732,3881,1673.5,3. M,3
1733,3884,136.0,4. P,3
1734,3885,319.0,4. P,0
1735,3891,128.0,4. P,2
1736,3892,401.5,4. P,0
1737,3903,80.0,4. P,3
1738,3904,265.0,4. P,1
1739,3905,131.5,4. P,3
1740,3907,300.5,4. P,0
1741,3910,157.0,4. P,2
1742,3912,37.0,4. P,1
1743,3913,178.5,4. P,3
1744,3916,433.0,4. P,3
1745,3918,1235.5,4. P,0
1746,3921,113.0,4. P,0
1747,3923,153.0,4. P,0
1748,3924,2725.6,3. M,0
1749,3926,20.0,4. P,2
1750,3927,1230.5,4. P,0
1751,3929,389.0,4. P,0
1752,3933,1386.0,4. P,0
1753,3936,384.0,4. P,1
1754,3939,40.0,4. P,3
1755,3944,1138.0,4. P,0
1756,3947,10.0,4. P,3
1757,3948,149.0,4. P,1
1758,3951,94.0,4. P,0
1759,3953,2948.0,3. M,2
1760,3957,3650.5,3. M,1
1761,3960,169.0,4. P,2
1762,3965,30.0,4. P,3
1763,3968,1476.0,4. P,0
1764,3981,8491.5,3. M,0
1765,3982,189.5,4. P,1
1766,4005,193.5,4. P,0
1767,4006,78.0,4. P,3
1768,4015,2476.5,3. M,0
1769,4018,726.0,4. P,2
1770,4029,1488.0,4. P,1
1771,4032,1617.0,3. M,0
1772,4040,1157.0,4. P,0
1773,4042,419.0,4. P,2
1774,4044,881.5,4. P,0
1775,4045,128.5,4. P,2
1776,4047,297.0,4. P,0
1777,4052,131.0,4. P,3
1778,4055,2372.0,3. M,1
1779,4060,3928.5,3. M,0
1780,4069,250.0,4. P,3
1781,4072,476.0,4. P,2
1782,4079,531.5,4. P,1
1783,4085,10.0,4. P,2
1784,4093,178.0,4. P,2
1785,4094,208.0,4. P,0
1786,4096,412.5,4. P,2
1787,4099,111.0,4. P,3
1788,4101,12.5,4. P,3
1789,4102,226.5,4. P,1
1790,4103,89.0,4. P,2
1791,4104,404.0,4. P,1
1792,4111,127.5,4. P,3
1793,4112,122.0,4. P,1
1794,4121,423.5,4. P,1
1795,4124,243.0,4. P,3
1796,4125,5.5,4. P,3
1797,4126,216.5,4. P,0
1798,4127,322.0,4. P,2
1799,4128,55.5,4. P,3
1800,4130,2312.5,3. M,0
1801,4132,5745.0,3. M,0
1802,4138,18.0,4. P,2
1803,4139,37.5,4. P,2
1804,4142,18.0,4. P,2
1805,4150,42.0,4. P,2
1806,4151,660.0,4. P,2
1807,4152,69.0,4. P,1
1808,4153,92.5,4. P,2
1809,4157,986.0,4. P,0
1810,4163,21203.5,2. G,0
1811,4167,1328.0,4. P,2
1812,4168,207.0,4. P,0
1813,4173,445.0,4. P,0
1814,4174,14.0,4. P,2
1815,4176,155.0,4. P,0
1816,4183,2224.0,3. M,0
1817,4187,2.0,4. P,2
1818,4198,157.0,4. P,1
1819,4199,272.0,4. P,1
1820,4205,62.0,4. P,0
1821,4207,1025.5,4. P,0
1822,4218,1278.0,4. P,0
1823,4222,10.0,4. P,1
1824,4223,3479.5,3. M,1
1825,4232,256.5,4. P,0
1826,4234,107.0,4. P,2
1827,4244,270.0,4. P,0
1828,4247,435.0,4. P,1
1829,4251,92.0,4. P,1
1830,4254,3019.0,3. M,0
1831,4260,83.0,4. P,1
1832,4267,305.5,4. P,0
1833,4268,79.0,4. P,1
1834,4276,4386.0,3. M,0
1835,4278,117.5,4. P,1
1836,4287,125.5,4. P,0
1837,4290,166.5,4. P,0
1838,4291,25.5,4. P,2
1839,4294,44.0,4. P,1
1840,4295,89.5,4. P,1
1841,4296,84.0,4. P,2
1842,4298,8.0,4. P,0
1843,4301,108.5,4. P,1
1844,4308,94.0,4. P,1
1845,4311,102.0,4. P,1
1846,4317,90.0,4. P,1
1847,4318,26.0,4. P,1
1848,4320,59.0,4. P,1
1849,4331,1079.0,4. P,0
1850,4332,362.5,4. P,0
1851,4333,11.5,4. P,1
1852,4338,36.5,4. P,1
1853,4339,62.0,4. P,0
1854,4340,109.0,4. P,0
1855,4346,86.5,4. P,0
1856,4348,2.0,4. P,1
1857,4351,68.0,4. P,1
1858,4353,52.0,4. P,1
1859,4354,13.5,4. P,1
1860,4355,156.5,4. P,1
1861,4357,160.0,4. P,0
1862,4359,632.0,4. P,1
1863,4363,45.0,4. P,0
1864,4368,34.5,4. P,0
1865,4369,827.5,4. P,0
1866,4373,102.6,4. P,0
1867,4374,29.0,4. P,1
1868,4375,78.5,4. P,0
1869,4377,7.0,4. P,0
1870,4378,27.0,4. P,0
1871,4380,485.0,4. P,0
1872,4382,777.5,4. P,0
1873,4386,7882.0,3. M,0
1874,4390,3067.5,3. M,0
1875,4393,2391.5,3. M,0
1876,4401,115.0,4. P,1
1877,4403,56.0,4. P,1
1878,4404,30.0,4. P,0
1879,4407,1087.5,4. P,0
1880,4408,10.0,4. P,1
1881,4410,105.5,4. P,0
1882,4411,45.5,4. P,1
1883,4412,93.0,4. P,0
1884,4413,11.0,4. P,1
1885,4414,24402.0,2. G,0
1886,4415,267.0,4. P,0
1887,4416,658.5,4. P,0
1888,4424,111.0,4. P,0
1889,4427,141.5,4. P,0
1890,4428,60.5,4. P,0
1891,4429,137.0,4. P,0
1892,4430,2530.0,3. M,0
1893,4431,120.0,4. P,0
1894,4434,109.0,4. P,1
1895,4435,22.5,4. P,0
1896,4442,1244.5,4. P,0
1897,4446,633.5,4. P,0
1898,4448,424.5,4. P,0
1899,4449,32.5,4. P,0
1900,4450,50.0,4. P,0
1901,4451,41.5,4. P,0
1902,4453,5138.5,3. M,0
1903,4456,407.5,4. P,0
1904,4457,405.0,4. P,0
1905,4458,3547.0,3. M,0
1906,4459,689.5,4. P,0
1907,4460,2981.0,3. M,0
1908,4462,44.0,4. P,1
1909,4465,107.5,4. P,0
1910,4466,45.0,4. P,0
1911,4467,3545.5,3. M,0
1912,4468,867.0,4. P,0
1913,4469,1.5,4. P,0
1914,4470,101.0,4. P,0
1915,4473,5303.0,3. M,0
1916,4477,380.5,4. P,0
1917,4481,63.0,4. P,0
1918,4482,20.0,4. P,0
1919,4483,840.5,4. P,0
1920,4487,65.0,4. P,0
1921,4490,66.0,4. P,0
1922,4491,2616.0,3. M,0
1923,4492,319.0,4. P,0
1924,4493,315.0,4. P,0
1925,4496,36.0,4. P,0
1926,4498,207.5,4. P,0
1927,4499,162.9,4. P,0
1928,4500,175.0,4. P,0
1929,4501,56.5,4. P,0
1930,4503,1010.0,4. P,0
1931,4505,9627.0,3. M,0
1932,4506,52.0,4. P,0
1933,4508,46.5,4. P,0
1934,4509,17.5,4. P,0
1935,4515,114.5,4. P,0
1936,4516,7.0,4. P,0
1937,4518,426.1,4. P,0
1938,4520,30.0,4. P,0
1939,4526,16.5,4. P,0
1940,4527,73.0,4. P,0
1941,4528,586.5,4. P,0
1942,4530,420.5,4. P,0
1943,4532,4.0,4. P,0
1944,4535,124.5,4. P,0
1945,4539,825.5,4. P,0
1946,4547,15.0,4. P,0
